year;month;day;tts_sentence;tts_interval_min;theme_box_id;light_pattern_id;light_colors_id
2026;1;1;Gelukkig Nieuwjaar;77;24;2;40
2026;2;1;Eerste van de maand febuari;249;23;3;7
2026;2;15;Carnaval , Alaaf!!;117;24;3;7
2026;2;16;Carnaval!!! Fijn voor de Brabo's!!  Alaaf!!;117;24;3;7
2026;2;18;Aswoensdag ,  - het is  uit met de carnavalspret;262;21;5;21
2026;3;1;Eerste van de maand maart;287;23;3;7
2026;3;21;Hartelijk gefeliciteerd,  Thomas;73;15;3;14
2026;4;1;Eerste van de maand april, een april, kikker in je bil!;265;23;3;7
2026;4;3;Goede Vrijdag,  - bijna Pasen;245;13;2;13
2026;4;5;Vrolijk Pasen;90;17;1;5
2026;4;30;Hartelijk gefeliciteerd,  Paul;98;15;3;14
2026;5;1;Eerste van de maand mei- leggen alle vogeltjes een ei;202;23;3;7
2026;5;5;Bevrijdingsdag;64;24;1;3
2026;5;10;Hartelijk gefeliciteerd,  Gaia;73;15;3;14
2026;5;14;Hemelvaart;133;11;2;29
2026;5;24;Pinksteren,  - wat is dat ook weer??;164;4;4;8
2026;6;1;Eerste van de maand juni;157;23;3;7
2026;7;1;Eerste van de maand juli;171;23;3;7
2026;8;1;Eerste van de maand augustus;231;23;3;7
2026;9;1;Eerste van de maand september;282;23;3;7
2026;10;1;Eerste van de maand oktober;277;23;3;7
2026;10;8;Hartelijk gefeliciteerd,  Jan;105;15;3;14
2026;11;1;Eerste van de maand november;221;23;3;7
2026;12;1;Eerste van de maand december;165;23;3;7
2026;12;5;Sinterklaas;113;12;6;28
2026;12;13;Hartelijk gefeliciteerd,  lieve Marit;114;15;3;14
2026;12;25;Vrolijk Kerstfeest;95;8;1;30
2026;12;26;Tweede Kerstdag;108;8;1;20
2027;1;1;Gelukkig Nieuwjaar;77;24;2;40
2027;2;1;Eerste van de maand febuari;249;23;3;7
2027;2;7;Carnaval , Keiebijters!!;115;24;3;7
2027;2;10;Aswoensdag ,  - en dan nu: vasten;227;21;5;21
2027;3;1;Eerste van de maand maart;287;23;3;7
2027;3;21;Hartelijk gefeliciteerd,  Thomas;73;15;3;14
2027;3;26;Goede Vrijdag,  - geen vrije dag;202;13;2;13
2027;3;28;Vrolijk Pasen, zoek de eitjes;95;17;1;5
2027;4;1;Eerste van de maand april, een april, kikker in je bil!;265;23;3;7
2027;4;30;Hartelijk gefeliciteerd,  Paul;98;15;3;14
2027;5;1;Eerste van de maand mei- leggen alle vogeltjes een ei;202;23;3;7
2027;5;5;Bevrijdingsdag;64;24;1;3
2027;5;6;Hemelvaart;122;11;2;29
2027;5;10;Hartelijk gefeliciteerd,  Gaia;73;15;3;14
2027;5;16;Pinksteren,  - iets met vurige tongen?;137;4;4;8
2027;6;1;Eerste van de maand juni;157;23;3;7
2027;7;1;Eerste van de maand juli;171;23;3;7
2027;8;1;Eerste van de maand augustus;231;23;3;7
2027;9;1;Eerste van de maand september;282;23;3;7
2027;10;1;Eerste van de maand oktober;277;23;3;7
2027;10;8;Hartelijk gefeliciteerd,  Jan;105;15;3;14
2027;11;1;Eerste van de maand november;221;23;3;7
2027;12;1;Eerste van de maand december;165;23;3;7
2027;12;5;Sinterklaas;113;12;6;28
2027;12;13;Hartelijk gefeliciteerd,  lieve Marit;114;15;3;14
2027;12;25;Vrolijk Kerstfeest;95;8;1;30
2027;12;26;Tweede Kerstdag;108;8;1;20
2028;1;1;Gelukkig Nieuwjaar;77;24;2;40
2028;2;1;Eerste van de maand febuari;249;23;3;7
2028;2;27;Carnaval , En deh hittie naw gedonn umdettie Hellemonder is;98;24;3;7
2028;3;1;Aswoensdag ,  - en nu begint de katholieke ramadan;187;21;5;21
2028;3;1;Eerste van de maand maart;287;23;3;7
2028;3;21;Hartelijk gefeliciteerd,  Thomas;73;15;3;14
2028;4;1;Eerste van de maand april, een april, kikker in je bil!;265;23;3;7
2028;4;14;Goede Vrijdag;187;13;2;13
2028;4;16;Vrolijk Pasen;86;17;1;5
2028;4;30;Hartelijk gefeliciteerd,  Paul;98;15;3;14
2028;5;1;Eerste van de maand mei- leggen alle vogeltjes een ei;202;23;3;7
2028;5;5;Bevrijdingsdag;64;24;1;3
2028;5;10;Hartelijk gefeliciteerd,  Gaia;73;15;3;14
2028;5;25;Hemelvaart;101;11;2;29
2028;6;1;Eerste van de maand juni;157;23;3;7
2028;6;4;Pinksteren,  - de Heilige Geest zien vliegen???;117;4;4;8
2028;7;1;Eerste van de maand juli;171;23;3;7
2028;8;1;Eerste van de maand augustus;231;23;3;7
2028;9;1;Eerste van de maand september;282;23;3;7
2028;10;1;Eerste van de maand oktober;277;23;3;7
2028;10;8;Hartelijk gefeliciteerd,  Jan;105;15;3;14
2028;11;1;Eerste van de maand november;221;23;3;7
2028;12;1;Eerste van de maand december;165;23;3;7
2028;12;5;Sinterklaas;113;12;6;28
2028;12;13;Hartelijk gefeliciteerd,  lieve Marit;114;15;3;14
2028;12;25;Vrolijk Kerstfeest;95;8;1;30
2028;12;26;Tweede Kerstdag;108;8;1;20
2029;1;1;Gelukkig Nieuwjaar;77;24;2;40
2029;2;1;Eerste van de maand febuari;249;23;3;7
2029;2;11;Carnaval , Agge mar let heht;82;24;3;7
2029;2;14;Aswoensdag ,  - het is  uit met de carnavalspret;179;21;5;21
2029;3;1;Eerste van de maand maart;287;23;3;7
2029;3;21;Hartelijk gefeliciteerd,  Thomas;73;15;3;14
2029;3;30;Goede Vrijdag,  tja, Goede Vrijdag?;215;13;2;13
2029;4;1;Vrolijk Pasen;71;17;1;5
2029;4;1;Eerste van de maand april, een april, kikker in je bil!;265;23;3;7
2029;4;30;Hartelijk gefeliciteerd,  Paul;98;15;3;14
2029;5;1;Eerste van de maand mei- leggen alle vogeltjes een ei;202;23;3;7
2029;5;5;Bevrijdingsdag;64;24;1;3
2029;5;10;Hemelvaart;88;11;2;29
2029;5;10;Hartelijk gefeliciteerd,  Gaia;73;15;3;14
2029;5;20;Pinksteren;124;4;4;8
2029;6;1;Eerste van de maand juni;157;23;3;7
2029;7;1;Eerste van de maand juli;171;23;3;7
2029;8;1;Eerste van de maand augustus;231;23;3;7
2029;9;1;Eerste van de maand september;282;23;3;7
2029;10;1;Eerste van de maand oktober;277;23;3;7
2029;10;8;Hartelijk gefeliciteerd,  Jan;105;15;3;14
2029;11;1;Eerste van de maand november;221;23;3;7
2029;12;1;Eerste van de maand december;165;23;3;7
2029;12;5;Sinterklaas;113;12;6;28
2029;12;13;Hartelijk gefeliciteerd,  lieve Marit;114;15;3;14
2029;12;25;Vrolijk Kerstfeest;95;8;1;30
2029;12;26;Tweede Kerstdag;108;8;1;20
2030;1;1;Gelukkig Nieuwjaar;77;24;2;40
2030;2;1;Eerste van de maand febuari;249;23;3;7
2030;3;1;Eerste van de maand maart;287;23;3;7
2030;3;3;Carnaval , Alaaf!!;81;24;3;7
2030;3;6;Aswoensdag ,  - en dan nu: vasten;210;21;5;21
2030;3;21;Hartelijk gefeliciteerd,  Thomas;73;15;3;14
2030;4;1;Eerste van de maand april, een april, kikker in je bil!;265;23;3;7
2030;4;19;Goede Vrijdag;260;13;2;13
2030;4;21;Vrolijk Pasen, waar is de paashaas??;64;17;1;5
2030;4;30;Hartelijk gefeliciteerd,  Paul;98;15;3;14
2030;5;1;Eerste van de maand mei- leggen alle vogeltjes een ei;202;23;3;7
2030;5;5;Bevrijdingsdag;64;24;1;3
2030;5;10;Hartelijk gefeliciteerd,  Gaia;73;15;3;14
2030;5;30;Hemelvaart;96;11;2;29
2030;6;1;Eerste van de maand juni;157;23;3;7
2030;6;9;Pinksteren,  - wat is dat ook weer??;150;4;4;8
2030;7;1;Eerste van de maand juli;171;23;3;7
2030;8;1;Eerste van de maand augustus;231;23;3;7
2030;9;1;Eerste van de maand september;282;23;3;7
2030;10;1;Eerste van de maand oktober;277;23;3;7
2030;10;8;Hartelijk gefeliciteerd,  Jan;105;15;3;14
2030;11;1;Eerste van de maand november;221;23;3;7
2030;12;1;Eerste van de maand december;165;23;3;7
2030;12;5;Sinterklaas;113;12;6;28
2030;12;13;Hartelijk gefeliciteerd,  lieve Marit;114;15;3;14
2030;12;25;Vrolijk Kerstfeest;95;8;1;30
2030;12;26;Tweede Kerstdag;108;8;1;20
2031;1;1;Gelukkig Nieuwjaar;77;24;2;40
2031;2;1;Eerste van de maand febuari;249;23;3;7
2031;2;23;Carnaval , Keiebijters!!;96;24;3;7
2031;2;26;Aswoensdag ,  - en nu begint de katholieke ramadan;251;21;5;21
2031;3;1;Eerste van de maand maart;287;23;3;7
2031;3;21;Hartelijk gefeliciteerd,  Thomas;73;15;3;14
2031;4;1;Eerste van de maand april, een april, kikker in je bil!;265;23;3;7
2031;4;11;Goede Vrijdag,  - ook zowat;280;13;2;13
2031;4;13;Vrolijk Pasen;71;17;1;5
2031;4;30;Hartelijk gefeliciteerd,  Paul;98;15;3;14
2031;5;1;Eerste van de maand mei- leggen alle vogeltjes een ei;202;23;3;7
2031;5;5;Bevrijdingsdag;64;24;1;3
2031;5;10;Hartelijk gefeliciteerd,  Gaia;73;15;3;14
2031;5;22;Hemelvaart;117;11;2;29
2031;6;1;Eerste van de maand juni;157;23;3;7
2031;6;1;Pinksteren,  - iets met vurige tongen?;172;4;4;8
2031;7;1;Eerste van de maand juli;171;23;3;7
2031;8;1;Eerste van de maand augustus;231;23;3;7
2031;9;1;Eerste van de maand september;282;23;3;7
2031;10;1;Eerste van de maand oktober;277;23;3;7
2031;10;8;Hartelijk gefeliciteerd,  Jan;105;15;3;14
2031;11;1;Eerste van de maand november;221;23;3;7
2031;12;1;Eerste van de maand december;165;23;3;7
2031;12;5;Sinterklaas;113;12;6;28
2031;12;13;Hartelijk gefeliciteerd,  lieve Marit;114;15;3;14
2031;12;25;Vrolijk Kerstfeest;95;8;1;30
2031;12;26;Tweede Kerstdag;108;8;1;20
2032;1;1;Gelukkig Nieuwjaar;77;24;2;40
2032;2;1;Eerste van de maand febuari;249;23;3;7
2032;2;8;Carnaval , En deh hittie naw gedonn umdettie Hellemonder is;114;24;3;7
2032;2;11;Aswoensdag ,  - het is  uit met de carnavalspret;265;21;5;21
2032;3;1;Eerste van de maand maart;287;23;3;7
2032;3;21;Hartelijk gefeliciteerd,  Thomas;73;15;3;14
2032;3;26;Goede Vrijdag;258;13;2;13
2032;3;28;Vrolijk Pasen;86;17;1;5
2032;4;1;Eerste van de maand april, een april, kikker in je bil!;265;23;3;7
2032;4;30;Hartelijk gefeliciteerd,  Paul;98;15;3;14
2032;5;1;Eerste van de maand mei- leggen alle vogeltjes een ei;202;23;3;7
2032;5;5;Bevrijdingsdag;64;24;1;3
2032;5;6;Hemelvaart;132;11;2;29
2032;5;10;Hartelijk gefeliciteerd,  Gaia;73;15;3;14
2032;5;16;Pinksteren,  - de Heilige Geest zien vliegen???;170;4;4;8
2032;6;1;Eerste van de maand juni;157;23;3;7
2032;7;1;Eerste van de maand juli;171;23;3;7
2032;8;1;Eerste van de maand augustus;231;23;3;7
2032;9;1;Eerste van de maand september;282;23;3;7
2032;10;1;Eerste van de maand oktober;277;23;3;7
2032;10;8;Hartelijk gefeliciteerd,  Jan;105;15;3;14
2032;11;1;Eerste van de maand november;221;23;3;7
2032;12;1;Eerste van de maand december;165;23;3;7
2032;12;5;Sinterklaas;113;12;6;28
2032;12;13;Hartelijk gefeliciteerd,  lieve Marit;114;15;3;14
2032;12;25;Vrolijk Kerstfeest;95;8;1;30
2032;12;26;Tweede Kerstdag;108;8;1;20
2033;1;1;Gelukkig Nieuwjaar;77;24;2;40
2033;2;1;Eerste van de maand febuari;249;23;3;7
2033;2;27;Carnaval , Agge mar let heht;117;24;3;7
2033;3;1;Eerste van de maand maart;287;23;3;7
2033;3;2;Aswoensdag ,  - en dan nu: vasten;239;21;5;21
2033;3;21;Hartelijk gefeliciteerd,  Thomas;73;15;3;14
2033;4;1;Eerste van de maand april, een april, kikker in je bil!;265;23;3;7
2033;4;15;Goede Vrijdag, holadiejee;213;13;2;13
2033;4;17;Vrolijk Pasen;95;17;1;5
2033;4;30;Hartelijk gefeliciteerd,  Paul;98;15;3;14
2033;5;1;Eerste van de maand mei- leggen alle vogeltjes een ei;202;23;3;7
2033;5;5;Bevrijdingsdag;64;24;1;3
2033;5;10;Hartelijk gefeliciteerd,  Gaia;73;15;3;14
2033;5;26;Hemelvaart;127;11;2;29
2033;6;1;Eerste van de maand juni;157;23;3;7
2033;6;5;Pinksteren;145;4;4;8
2033;7;1;Eerste van de maand juli;171;23;3;7
2033;8;1;Eerste van de maand augustus;231;23;3;7
2033;9;1;Eerste van de maand september;282;23;3;7
2033;10;1;Eerste van de maand oktober;277;23;3;7
2033;10;8;Hartelijk gefeliciteerd,  Jan;105;15;3;14
2033;11;1;Eerste van de maand november;221;23;3;7
2033;12;1;Eerste van de maand december;165;23;3;7
2033;12;5;Sinterklaas;113;12;6;28
2033;12;13;Hartelijk gefeliciteerd,  lieve Marit;114;15;3;14
2033;12;25;Vrolijk Kerstfeest;95;8;1;30
2033;12;26;Tweede Kerstdag;108;8;1;20
2034;1;1;Gelukkig Nieuwjaar;77;24;2;40
2034;2;1;Eerste van de maand febuari;249;23;3;7
2034;2;19;Carnaval , Alaaf!!;104;24;3;7
2034;2;22;Aswoensdag ,  - en nu begint de katholieke ramadan;197;21;5;21
2034;3;1;Eerste van de maand maart;287;23;3;7
2034;3;21;Hartelijk gefeliciteerd,  Thomas;73;15;3;14
2034;4;1;Eerste van de maand april, een april, kikker in je bil!;265;23;3;7
2034;4;7;Goede Vrijdag;187;13;2;13
2034;4;9;Vrolijk Pasen;90;17;1;5
2034;4;30;Hartelijk gefeliciteerd,  Paul;98;15;3;14
2034;5;1;Eerste van de maand mei- leggen alle vogeltjes een ei;202;23;3;7
2034;5;5;Bevrijdingsdag;64;24;1;3
2034;5;10;Hartelijk gefeliciteerd,  Gaia;73;15;3;14
2034;5;18;Hemelvaart;107;11;2;29
2034;5;28;Pinksteren,  - wat is dat ook weer??;121;4;4;8
2034;6;1;Eerste van de maand juni;157;23;3;7
2034;7;1;Eerste van de maand juli;171;23;3;7
2034;8;1;Eerste van de maand augustus;231;23;3;7
2034;9;1;Eerste van de maand september;282;23;3;7
2034;10;1;Eerste van de maand oktober;277;23;3;7
2034;10;8;Hartelijk gefeliciteerd,  Jan;105;15;3;14
2034;11;1;Eerste van de maand november;221;23;3;7
2034;12;1;Eerste van de maand december;165;23;3;7
2034;12;5;Sinterklaas;113;12;6;28
2034;12;13;Hartelijk gefeliciteerd,  lieve Marit;114;15;3;14
2034;12;25;Vrolijk Kerstfeest;95;8;1;30
2034;12;26;Tweede Kerstdag;108;8;1;20
2035;1;1;Gelukkig Nieuwjaar;77;24;2;40
2035;2;1;Eerste van de maand febuari;249;23;3;7
2035;2;4;Carnaval , Keiebijters!!;85;24;3;7
2035;2;7;Aswoensdag ,  - het is  uit met de carnavalspret;177;21;5;21
2035;3;1;Eerste van de maand maart;287;23;3;7
2035;3;21;Hartelijk gefeliciteerd,  Thomas;73;15;3;14
2035;3;23;Goede Vrijdag;204;13;2;13
2035;3;25;Vrolijk Pasen;75;17;1;5
2035;4;1;Eerste van de maand april, een april, kikker in je bil!;265;23;3;7
2035;4;30;Hartelijk gefeliciteerd,  Paul;98;15;3;14
2035;5;1;Eerste van de maand mei- leggen alle vogeltjes een ei;202;23;3;7
2035;5;3;Hemelvaart;90;11;2;29
2035;5;5;Bevrijdingsdag;64;24;1;3
2035;5;10;Hartelijk gefeliciteerd,  Gaia;73;15;3;14
2035;5;13;Pinksteren,  - iets met vurige tongen?;119;4;4;8
2035;6;1;Eerste van de maand juni;157;23;3;7
2035;7;1;Eerste van de maand juli;171;23;3;7
2035;8;1;Eerste van de maand augustus;231;23;3;7
2035;9;1;Eerste van de maand september;282;23;3;7
2035;10;1;Eerste van de maand oktober;277;23;3;7
2035;10;8;Hartelijk gefeliciteerd,  Jan;105;15;3;14
2035;11;1;Eerste van de maand november;221;23;3;7
2035;12;1;Eerste van de maand december;165;23;3;7
2035;12;5;Sinterklaas;113;12;6;28
2035;12;13;Hartelijk gefeliciteerd,  lieve Marit;114;15;3;14
2035;12;25;Vrolijk Kerstfeest;95;8;1;30
2035;12;26;Tweede Kerstdag;108;8;1;20
2036;1;1;Gelukkig Nieuwjaar;77;24;2;40
2036;2;1;Eerste van de maand febuari;249;23;3;7
2036;2;24;Carnaval , En deh hittie naw gedonn umdettie Hellemonder is;79;24;3;7
2036;2;27;Aswoensdag ,  - en dan nu: vasten;198;21;5;21
2036;3;1;Eerste van de maand maart;287;23;3;7
2036;3;21;Hartelijk gefeliciteerd,  Thomas;73;15;3;14
2036;4;1;Eerste van de maand april, een april, kikker in je bil!;265;23;3;7
2036;4;11;Goede Vrijdag;248;13;2;13
2036;4;13;Vrolijk Pasen;64;17;1;5
2036;4;30;Hartelijk gefeliciteerd,  Paul;98;15;3;14
2036;5;1;Eerste van de maand mei- leggen alle vogeltjes een ei;202;23;3;7
2036;5;5;Bevrijdingsdag;64;24;1;3
2036;5;10;Hartelijk gefeliciteerd,  Gaia;73;15;3;14
2036;5;22;Hemelvaart;92;11;2;29
2036;6;1;Eerste van de maand juni;157;23;3;7
2036;6;1;Pinksteren,  - de Heilige Geest zien vliegen???;142;4;4;8
2036;7;1;Eerste van de maand juli;171;23;3;7
2036;8;1;Eerste van de maand augustus;231;23;3;7
2036;9;1;Eerste van de maand september;282;23;3;7
2036;10;1;Eerste van de maand oktober;277;23;3;7
2036;10;8;Hartelijk gefeliciteerd,  Jan;105;15;3;14
2036;11;1;Eerste van de maand november;221;23;3;7
2036;12;1;Eerste van de maand december;165;23;3;7
2036;12;5;Sinterklaas;113;12;6;28
2036;12;13;Hartelijk gefeliciteerd,  lieve Marit;114;15;3;14
2036;12;25;Vrolijk Kerstfeest;95;8;1;30
2036;12;26;Tweede Kerstdag;108;8;1;20
2037;1;1;Gelukkig Nieuwjaar;77;24;2;40
2037;2;1;Eerste van de maand febuari;249;23;3;7
2037;2;15;Carnaval , Agge mar let heht;91;24;3;7
2037;2;18;Aswoensdag ,  - en nu begint de katholieke ramadan;241;21;5;21
2037;3;1;Eerste van de maand maart;287;23;3;7
2037;3;21;Hartelijk gefeliciteerd,  Thomas;73;15;3;14
2037;4;1;Eerste van de maand april, een april, kikker in je bil!;265;23;3;7
2037;4;3;Goede Vrijdag;279;13;2;13
2037;4;5;Vrolijk Pasen;67;17;1;5
2037;4;30;Hartelijk gefeliciteerd,  Paul;98;15;3;14
2037;5;1;Eerste van de maand mei- leggen alle vogeltjes een ei;202;23;3;7
2037;5;5;Bevrijdingsdag;64;24;1;3
2037;5;10;Hartelijk gefeliciteerd,  Gaia;73;15;3;14
2037;5;14;Hemelvaart;111;11;2;29
2037;5;24;Pinksteren;168;4;4;8
2037;6;1;Eerste van de maand juni;157;23;3;7
2037;7;1;Eerste van de maand juli;171;23;3;7
2037;8;1;Eerste van de maand augustus;231;23;3;7
2037;9;1;Eerste van de maand september;282;23;3;7
2037;10;1;Eerste van de maand oktober;277;23;3;7
2037;10;8;Hartelijk gefeliciteerd,  Jan;105;15;3;14
2037;11;1;Eerste van de maand november;221;23;3;7
2037;12;1;Eerste van de maand december;165;23;3;7
2037;12;5;Sinterklaas;113;12;6;28
2037;12;13;Hartelijk gefeliciteerd,  lieve Marit;114;15;3;14
2037;12;25;Vrolijk Kerstfeest;95;8;1;30
2037;12;26;Tweede Kerstdag;108;8;1;20
2038;1;1;Gelukkig Nieuwjaar;77;24;2;40
2038;2;1;Eerste van de maand febuari;249;23;3;7
2038;3;1;Eerste van de maand maart;287;23;3;7
2038;3;7;Carnaval , Tadaaaaah - tadaaaah;109;24;3;7
2038;3;10;Aswoensdag ,  - het is  uit met de carnavalspret;266;21;5;21
2038;3;21;Hartelijk gefeliciteerd,  Thomas;73;15;3;14
2038;4;1;Eerste van de maand april, een april, kikker in je bil!;265;23;3;7
2038;4;23;Goede Vrijdag;268;13;2;13
2038;4;25;Vrolijk Pasen;82;17;1;5
2038;4;30;Hartelijk gefeliciteerd,  Paul;98;15;3;14
2038;5;1;Eerste van de maand mei- leggen alle vogeltjes een ei;202;23;3;7
2038;5;5;Bevrijdingsdag;64;24;1;3
2038;5;10;Hartelijk gefeliciteerd,  Gaia;73;15;3;14
2038;6;1;Eerste van de maand juni;157;23;3;7
